Model,Coherence,Fluency,Relevance,Perplexity,Score,Ranks
GPT-2,7,8,7,25,0.0,5
BART,8,9,8,20,0.4227639925077419,4
GPT-3,9,9,9,15,0.8006485122692275,2
GPT-NEO,8,8,8,18,0.5190656959742755,3
T5,9,9,9,12,1.0,1
